{"connected_users: 0": 11, "connected_users: 1": 17, "connected_users: 2": 19, "connected_users: 3": 11, "connected_users: 4": 17, "_timestamp": 1682908748.906874, "_runtime": 3245.4031949043274, "_step": 2719}