{"episodic_reward": -1816.914526462555, "episodic_length": 100, "connected_users": 2146.0, "global_steps": 99, "_timestamp": 1684979576.5643017, "_runtime": 585.3406236171722, "_step": 99, "_wandb": {"runtime": 586}}