{"episodic_reward": 6671.0, "episodic_length": 100, "connected_users": 6691.0, "global_steps": 449, "_timestamp": 1682811401.566676, "_runtime": 2675.18887090683, "_step": 449, "_wandb": {"runtime": 2676}}