{"episodic_reward": 2795.149999999999, "episodic_length": 100, "connected_users": 2871.0, "global_steps": 8, "_timestamp": 1682908749.6605573, "_runtime": 54.37739419937134, "_step": 8}