{"episodic_reward": 6316.683333333329, "episodic_length": 100, "connected_users": 6297.0, "global_steps": 999, "_timestamp": 1682919263.6720722, "_runtime": 10568.388909101486, "_step": 999, "_wandb": {"runtime": 10569}}