{"episodic_reward": 6004.0, "episodic_length": 100, "connected_users": 6022.0, "global_steps": 79, "_timestamp": 1682908746.6358407, "_runtime": 634.5146296024323, "_step": 79}