{"episodic_reward": 6755.0, "episodic_length": 100, "connected_users": 6785.0, "global_steps": 999, "_timestamp": 1682918781.8681269, "_runtime": 10669.74691581726, "_step": 999, "_wandb": {"runtime": 10671}}