{"episodic_reward": -1036.5860977768898, "episodic_length": 100, "connected_users": 2409.0, "global_steps": 4, "_timestamp": 1683151769.3181686, "_runtime": 8.890431642532349, "_step": 4, "_wandb": {"runtime": 8}}