{"episodic_reward": 3832.0, "episodic_length": 100, "connected_users": 3834.0, "global_steps": 29, "_timestamp": 1682907455.5960472, "_runtime": 123.33319020271301, "_step": 29}