{"episodic_reward": -3649.2508130073547, "episodic_length": 100, "connected_users": 2192.0, "global_steps": 0, "_timestamp": 1683150850.6426094, "_runtime": 5.362699270248413, "_step": 0, "_wandb": {"runtime": 4}}