{"episodic_reward": 5471.0, "episodic_length": 100, "connected_users": 5473.0, "global_steps": 999, "_timestamp": 1682919047.3020463, "_runtime": 10701.516560316086, "_step": 999, "_wandb": {"runtime": 10702}}