{"episodic_reward": 2636.0, "episodic_length": 100, "connected_users": 2642.0, "global_steps": 47, "_timestamp": 1682908749.463888, "_runtime": 403.6784019470215, "_step": 47}