{"episodic_reward": 6199.119899570942, "episodic_length": 100, "connected_users": 7414.0, "global_steps": 3499, "_timestamp": 1683263776.2017908, "_runtime": 29575.25961780548, "_step": 3499, "_wandb": {"runtime": 29576}}