{"episodic_reward": 4686.718204140663, "episodic_length": 100, "connected_users": 5598.0, "global_steps": 92, "_timestamp": 1682908751.7296956, "_runtime": 707.1353056430817, "_step": 92}