{"episodic_reward": 6518.242572069168, "episodic_length": 100, "connected_users": 6972.0, "global_steps": 999, "_timestamp": 1682918725.9308333, "_runtime": 10681.336443424225, "_step": 999, "_wandb": {"runtime": 10682}}