{"episodic_reward": -1036.5860977768898, "episodic_length": 100, "connected_users": 2409.0, "global_steps": 4, "_timestamp": 1683152004.597198, "_runtime": 8.812339067459106, "_step": 4, "_wandb": {"runtime": 8}}