{"episodic_reward": 6366.052427768707, "episodic_length": 100, "connected_users": 6802.0, "global_steps": 449, "_timestamp": 1682842812.3703706, "_runtime": 2844.24884057045, "_step": 449, "_wandb": {"runtime": 2845}}