{"episodic_reward": 6334.550000000001, "episodic_length": 100, "connected_users": 6344.0, "global_steps": 599, "_timestamp": 1682886394.7899694, "_runtime": 3352.707591533661, "_step": 599, "_wandb": {"runtime": 3353}}