{"episodic_reward": 6755.2, "episodic_length": 100, "connected_users": 6763.0, "global_steps": 469, "_timestamp": 1682906413.150157, "_runtime": 2499.6327588558197, "_step": 469}