{"episodic_reward": 7047.0, "episodic_length": 100, "connected_users": 7067.0, "global_steps": 999, "_timestamp": 1683143943.566972, "_runtime": 8257.24334692955, "_step": 999, "_wandb": {"runtime": 8258}}