{"global steps": 9572, "_timestamp": 1681935441.8809454, "_runtime": 335.08070039749146, "_step": 9952}