{"episodic_reward": 5246.0, "episodic_length": 100, "connected_users": 5246.0, "global_steps": 120, "_timestamp": 1682908741.6112816, "_runtime": 836.7793617248535, "_step": 120}