{"episodic_reward": 6861.0, "episodic_length": 100, "connected_users": 6865.0, "global_steps": 1999, "_timestamp": 1682939651.8688462, "_runtime": 19417.432103157043, "_step": 1999, "_wandb": {"runtime": 19418}}