{"episodic_reward": 5402.616666666667, "episodic_length": 100, "connected_users": 5399.0, "global_steps": 999, "_timestamp": 1682918636.5734813, "_runtime": 10669.001657247543, "_step": 999, "_wandb": {"runtime": 10670}}