{"episodic_reward": 5335.049999999999, "episodic_length": 100, "connected_users": 5324.0, "global_steps": 107, "_timestamp": 1682908741.6987507, "_runtime": 774.1269266605377, "_step": 107}