{"episodic_reward": 5742.682127714157, "episodic_length": 100, "connected_users": 7673.0, "global_steps": 999, "_timestamp": 1683166913.9568508, "_runtime": 11481.545196771622, "_step": 999, "_wandb": {"runtime": 11482}}