{"episodic_reward": 4137.241510331631, "episodic_length": 100, "connected_users": 6731.0, "global_steps": 22, "_timestamp": 1683155637.0593536, "_runtime": 204.64769959449768, "_step": 22}