{"episodic_reward": 4704.317997932434, "episodic_length": 100, "connected_users": 5996.0, "global_steps": 999, "_timestamp": 1682905478.0185208, "_runtime": 4259.562156915665, "_step": 3999, "episode": 999, "reward: 0": 12.568570137023926, "reward: 1": 15.568570137023926, "reward: 2": 12.958972930908203, "reward: 3": 1.9794867038726807, "reward: 4": 15.938459396362305, "connected_users: 0": 13, "connected_users: 1": 16, "connected_users: 2": 13, "connected_users: 3": 4, "connected_users: 4": 18, "_wandb": {"runtime": 4260}}