{"acc": 0.7169998434729499, "loss": 0.19364732409354496, "_timestamp": 1681759030.966114, "_runtime": 0.585798978805542, "_step": 7, "_wandb": {"runtime": 0}}