{"episodic_reward": 6085.0, "episodic_length": 100, "connected_users": 6087.0, "global_steps": 599, "_timestamp": 1682893182.236113, "_runtime": 3194.9297161102295, "_step": 599, "_wandb": {"runtime": 3195}}