{"episodic_reward": 3450.716666666667, "episodic_length": 100, "connected_users": 3443.0, "global_steps": 35, "_timestamp": 1682908741.9947314, "_runtime": 310.9722423553467, "_step": 35}