{"episodic_reward": 6821.733333333334, "episodic_length": 100, "connected_users": 6836.0, "global_steps": 999, "_timestamp": 1682919147.5207956, "_runtime": 10716.498306512833, "_step": 999, "_wandb": {"runtime": 10717}}