{"episodic_reward": 6738.0, "episodic_length": 100, "connected_users": 6738.0, "global_steps": 1999, "_timestamp": 1682939629.8789084, "_runtime": 19502.08784031868, "_step": 1999, "_wandb": {"runtime": 19503}}