{"episodic_reward": -4178.689456939697, "episodic_length": 100, "connected_users": 3553.0, "global_steps": 349, "_timestamp": 1686881063.9164793, "_runtime": 2105.708788394928, "_step": 349, "_wandb": {"runtime": 2107}}