{"episodic_reward": 6939.083897590637, "episodic_length": 100, "connected_users": 7225.0, "global_steps": 999, "_timestamp": 1687135817.5675726, "_runtime": 6759.319450616837, "_step": 999, "_wandb": {"runtime": 6760}}