{"global steps": 79999, "_timestamp": 1682645432.5900707, "_runtime": 4726.744411706924, "_step": 80799, "episodic_reward": 6413.250000000003, "episodic_length": 100, "connected_users": 6529.0, "_wandb": {"runtime": 4727}}