{"covererd_users_per_timestep": 76, "timestep": 34999, "_timestamp": 1687396617.9607515, "_runtime": 2368.4266176223755, "_step": 207789, "episodic_reward": 5820.0, "episodic_length": 100, "connected_users": 6505.0, "global_steps": 349, "loss__0": 3.6229796409606934, "loss__1": 3.914672374725342, "loss__2": 2.601696252822876, "loss__3": 3.38741135597229, "loss__4": 2.9025096893310547, "_wandb": {"runtime": 2370}}