{"loss__3": 2.5261619091033936, "_timestamp": 1687394298.578166, "_runtime": 49.04403209686279, "_step": 4047