{"episodic_reward": 6467.0, "episodic_length": 100, "connected_users": 6467.0, "global_steps": 3499, "_timestamp": 1683088799.559508, "_runtime": 21820.877080202103, "_step": 3499, "_wandb": {"runtime": 21820}}