{"episodic_reward": -3426.120346367359, "episodic_length": 100, "connected_users": 3143.0, "global_steps": 0, "_timestamp": 1683153634.4968772, "_runtime": 4.9140191078186035, "_step": 0, "_wandb": {"runtime": 4}}