{"episodic_reward": 3611.0, "episodic_length": 100, "connected_users": 4113.0, "global_steps": 999, "_timestamp": 1682924977.1267514, "_runtime": 13805.670635461807, "_step": 999, "_wandb": {"runtime": 13806}}