{"episodic_reward": 6067.049999999999, "episodic_length": 100, "connected_users": 6070.0, "_timestamp": 1681861884.5479658, "_runtime": 1921.4655797481537, "_step": 1052, "reward: 0": 13.0, "reward: 1": 13.0, "reward: 2": 13.0, "reward: 3": 13.0, "reward: 4": 13.0, "connected_users: 0": 15, "connected_users: 1": 16, "connected_users: 2": 14, "connected_users: 3": 10, "connected_users: 4": 10, "_wandb": {"runtime": 1923}}