{"episodic_reward": 5358.0, "episodic_length": 100, "connected_users": 5484.0, "global_steps": 78, "_timestamp": 1683153965.03305, "_runtime": 697.3270421028137, "_step": 78, "_wandb": {"runtime": 698}}