{"episodic_reward": 7223.0, "episodic_length": 100, "connected_users": 7229.0, "global_steps": 776, "_timestamp": 1683146213.467806, "_runtime": 7971.967856168747, "_step": 776}