{"episodic_reward": 7335.0, "episodic_length": 100, "connected_users": 7337.0, "global_steps": 999, "_timestamp": 1683149263.812572, "_runtime": 11022.312622070312, "_step": 999, "_wandb": {"runtime": 11023}}