{"episodic_reward": 7353.0, "episodic_length": 100, "connected_users": 7355.0, "global_steps": 779, "_timestamp": 1683146253.3097885, "_runtime": 8011.8098385334015, "_step": 779}