{"episodic_reward": 5175.0, "episodic_length": 100, "connected_users": 5179.0, "global_steps": 449, "_timestamp": 1682839942.1935084, "_runtime": 2815.271931409836, "_step": 449, "_wandb": {"runtime": 2816}}