{"episodic_reward": 6286.50985121727, "episodic_length": 100, "connected_users": 6753.0, "global_steps": 599, "_timestamp": 1682889961.4339428, "_runtime": 3542.8024547100067, "_step": 599, "_wandb": {"runtime": 3543}}