{"episodic_reward": 7275.0, "episodic_length": 100, "connected_users": 7277.0, "global_steps": 999, "_timestamp": 1683237832.75401, "_runtime": 15435.173622846603, "_step": 999, "_wandb": {"runtime": 15436}}