{"global steps": 44999, "_timestamp": 1682630621.8467748, "_runtime": 2690.328377723694, "_step": 45449, "episodic_reward": 6287.0, "episodic_length": 100, "connected_users": 6291.0, "_wandb": {"runtime": 2691}}