{"episodic_reward": 8313.0, "episodic_length": 100, "connected_users": 8349.0, "global_steps": 999, "_timestamp": 1683195066.3247626, "_runtime": 15367.458925485611, "_step": 999, "_wandb": {"runtime": 15368}}