{"episodic_reward": 6218.803545951843, "episodic_length": 100, "connected_users": 7371.0, "global_steps": 999, "_timestamp": 1687133786.0614326, "_runtime": 8996.509089708328, "_step": 999, "_wandb": {"runtime": 8997}}