{"episodic_reward": 3293.0, "episodic_length": 100, "connected_users": 3293.0, "global_steps": 22, "_timestamp": 1682907757.8516574, "_runtime": 82.29489827156067, "_step": 22}