{"global steps": 79999, "_timestamp": 1682640684.2409189, "_runtime": 4800.229278802872, "_step": 80799, "episodic_reward": 5545.0, "episodic_length": 100, "connected_users": 5545.0, "_wandb": {"runtime": 4801}}