{"episodic_reward": 1741.244448184967, "episodic_length": 100, "connected_users": 3384.0, "global_steps": 18, "_timestamp": 1687137508.688457, "_runtime": 57.62594699859619, "_step": 18, "_wandb": {"runtime": 58}}