{"global steps": 99999, "_timestamp": 1681944782.5495431, "_runtime": 4168.093606233597, "_step": 103999, "episodic_reward": 3910.9499999999966, "episodic_length": 100, "connected_users": 3938.0, "episode": 999, "reward: 0": 4.8, "reward: 1": 4.8, "reward: 2": 4.8, "reward: 3": 4.8, "reward: 4": 4.4, "connected_users: 0": 14, "connected_users: 1": 2, "connected_users: 2": 2, "connected_users: 3": 6, "connected_users: 4": 0, "_wandb": {"runtime": 4169}}