{"episodic_reward": 6954.0, "episodic_length": 100, "connected_users": 6968.0, "global_steps": 999, "_timestamp": 1683148820.814689, "_runtime": 10867.101866006851, "_step": 999, "_wandb": {"runtime": 10868}}