{"episodic_reward": 6925.0, "episodic_length": 100, "connected_users": 6937.0, "global_steps": 810, "_timestamp": 1683146216.2540793, "_runtime": 8262.541256427765, "_step": 810}