{"episodic_reward": 7083.0, "episodic_length": 100, "connected_users": 7111.0, "global_steps": 812, "_timestamp": 1683146244.6556752, "_runtime": 8290.942852258682, "_step": 812}