{"episodic_reward": 1228.0, "episodic_length": 100, "connected_users": 3968.0, "global_steps": 34, "_timestamp": 1686859363.125734, "_runtime": 184.71955704689026, "_step": 34}