{"episodic_reward": 5736.0, "episodic_length": 100, "connected_users": 6273.0, "global_steps": 999, "_timestamp": 1686865242.4449546, "_runtime": 6064.038777589798, "_step": 999, "_wandb": {"runtime": 6065}}