{"episodic_reward": 3156.0, "episodic_length": 100, "connected_users": 5375.0, "global_steps": 49, "_timestamp": 1686859457.5861127, "_runtime": 279.17993569374084, "_step": 49}