{"episodic_reward": 6306.0, "episodic_length": 100, "connected_users": 6308.0, "global_steps": 449, "_timestamp": 1682803552.4963481, "_runtime": 2636.488762140274, "_step": 449, "_wandb": {"runtime": 2637}}