{"episodic_reward": -3649.2508130073547, "episodic_length": 100, "connected_users": 2192.0, "global_steps": 0, "_timestamp": 1683150659.88599, "_runtime": 5.198042869567871, "_step": 0, "_wandb": {"runtime": 4}}