{"global steps": 99999, "_timestamp": 1681950685.5012496, "_runtime": 5880.53995847702, "_step": 103999, "episodic_reward": 5042.477427661419, "episodic_length": 100, "connected_users": 5690.0, "episode": 999, "reward: 0": 17.088815689086914, "reward: 1": 10.213132858276367, "reward: 2": 16.958972930908203, "reward: 3": 1.0, "reward: 4": 12.342976570129395, "connected_users: 0": 18, "connected_users: 1": 12, "connected_users: 2": 17, "connected_users: 3": 1, "connected_users: 4": 15, "_wandb": {"runtime": 5881}}