{"episodic_reward": 1174.8766938447952, "episodic_length": 100, "connected_users": 4551.0, "global_steps": 5, "_timestamp": 1683152757.4901464, "_runtime": 17.430601358413696, "_step": 5, "_wandb": {"runtime": 22}}