{"episodic_reward": 6425.21342420578, "episodic_length": 100, "connected_users": 6915.0, "global_steps": 449, "_timestamp": 1682808701.6636758, "_runtime": 2440.500734806061, "_step": 449, "_wandb": {"runtime": 2441}}