{"episodic_reward": 7905.0, "episodic_length": 100, "connected_users": 7907.0, "global_steps": 999, "_timestamp": 1683241046.2098858, "_runtime": 18373.366308927536, "_step": 999, "_wandb": {"runtime": 18374}}