{"episodic_reward": 4773.032457828522, "episodic_length": 100, "connected_users": 5735.0, "global_steps": 999, "_timestamp": 1687123673.5608628, "_runtime": 6046.982316732407, "_step": 999, "_wandb": {"runtime": 6048}}