{"episodic_reward": 4117.0, "episodic_length": 100, "connected_users": 6503.0, "global_steps": 349, "_timestamp": 1686881022.5986018, "_runtime": 2078.66286277771, "_step": 349, "_wandb": {"runtime": 2080}}