{"episodic_reward": 5229.0, "episodic_length": 100, "connected_users": 5229.0, "global_steps": 87, "_timestamp": 1682907054.8341465, "_runtime": 429.5782175064087, "_step": 87}