{"episodic_reward": 4974.55855345726, "episodic_length": 100, "connected_users": 7317.0, "global_steps": 999, "_timestamp": 1687133682.1017506, "_runtime": 8882.632390499115, "_step": 999, "_wandb": {"runtime": 8883}}