{"episodic_reward": 6044.342995882034, "episodic_length": 100, "connected_users": 7348.0, "global_steps": 999, "_timestamp": 1682924840.6522448, "_runtime": 13852.728652715683, "_step": 999, "_wandb": {"runtime": 13853}}