{"global_steps": 44999, "_timestamp": 1682659698.770284, "_runtime": 2731.8158349990845, "_step": 45449, "episodic_reward": 6439.0, "episodic_length": 100, "connected_users": 6441.0, "_wandb": {"runtime": 2733}}