{"episodic_reward": 6591.802299618721, "episodic_length": 100, "connected_users": 6989.0, "global_steps": 3499, "_timestamp": 1683088926.854988, "_runtime": 21856.691337108612, "_step": 3499, "_wandb": {"runtime": 21857}}