{"episodic_reward": 4199.483333333333, "episodic_length": 100, "connected_users": 4527.0, "global_steps": 1999, "_timestamp": 1682939751.034218, "_runtime": 19393.553534030914, "_step": 1999, "_wandb": {"runtime": 19394}}