{"episodic_reward": 6853.0, "episodic_length": 100, "connected_users": 6853.0, "global_steps": 3499, "_timestamp": 1683088375.4260592, "_runtime": 21223.95244717598, "_step": 3499, "_wandb": {"runtime": 21225}}