{"global steps": 79999, "_timestamp": 1682600571.5270808, "_runtime": 4844.458703756332, "_step": 80799, "episodic_reward": 5482.130930304527, "episodic_length": 100, "connected_users": 6221.0, "_wandb": {"runtime": 4845}}