{"episodic_reward": 7120.0, "episodic_length": 100, "connected_users": 7122.0, "global_steps": 999, "_timestamp": 1683237257.1242228, "_runtime": 15338.0018928051, "_step": 999, "_wandb": {"runtime": 15339}}