{"global_steps": 79999, "_timestamp": 1682679680.1788135, "_runtime": 4753.498042345047, "_step": 80799, "episodic_reward": 5312.116666666667, "episodic_length": 100, "connected_users": 5431.0, "_wandb": {"runtime": 4754}}