{"episodic_reward": 65091.0, "episodic_length": 1000, "connected_users": 68187.0, "global_steps": 50, "_timestamp": 1686878766.8654354, "_runtime": 2917.3178193569183, "_step": 50, "_wandb": {"runtime": 2971}}