{"episodic_reward": 7037.0, "episodic_length": 100, "connected_users": 7065.0, "global_steps": 999, "_timestamp": 1683144923.7058318, "_runtime": 8443.368555784225, "_step": 999, "_wandb": {"runtime": 8444}}