{"episodic_reward": 6984.0, "episodic_length": 100, "connected_users": 6994.0, "global_steps": 999, "_timestamp": 1683237315.509076, "_runtime": 15307.0387301445, "_step": 999, "_wandb": {"runtime": 15308}}