{"global_steps": 44999, "_timestamp": 1682664985.818959, "_runtime": 2436.0490939617157, "_step": 45449, "episodic_reward": 6167.0, "episodic_length": 100, "connected_users": 6173.0, "_wandb": {"runtime": 2436}}