{"episodic_reward": 4346.0, "episodic_length": 100, "connected_users": 4666.0, "global_steps": 30, "_timestamp": 1683155643.0964515, "_runtime": 256.38148856163025, "_step": 30