{"episodic_reward": 6943.0, "episodic_length": 100, "connected_users": 6981.0, "global_steps": 999, "_timestamp": 1683164797.3682635, "_runtime": 9410.653300523758, "_step": 999, "_wandb": {"runtime": 9411}}