{"episodic_reward": 5515.0, "episodic_length": 100, "connected_users": 5521.0, "global_steps": 449, "_timestamp": 1682837103.8432705, "_runtime": 2801.8017785549164, "_step": 449, "_wandb": {"runtime": 2802}}