{"global_steps": 79999, "_timestamp": 1682684923.289546, "_runtime": 5220.650310993195, "_step": 80799, "episodic_reward": 6048.6, "episodic_length": 100, "connected_users": 6097.0, "_wandb": {"runtime": 5221}}