{"connected_users: 0": 8, "connected_users: 1": 13, "connected_users: 2": 11, "connected_users: 3": 0, "connected_users: 4": 2, "_timestamp": 1681873724.2903059, "_runtime": 67.06145286560059, "_step": 56}