{"episodic_reward": 4314.878732919693, "episodic_length": 100, "connected_users": 5973.0, "_timestamp": 1681889237.5335343, "_runtime": 4811.139357328415, "_step": 2399, "reward: 0": 13.068303108215332, "reward: 1": 7.426266670227051, "reward: 2": 16.958972930908203, "reward: 3": 8.592329025268555, "reward: 4": 10.742685317993164, "connected_users: 0": 16, "connected_users: 1": 11, "connected_users: 2": 17, "connected_users: 3": 15, "connected_users: 4": 16, "_wandb": {"runtime": 4812}}