{"episodic_reward": 5510.897174119949, "episodic_length": 100, "connected_users": 7066.0, "global_steps": 98, "_timestamp": 1683153965.2053926, "_runtime": 879.0237395763397, "_step": 98, "_wandb": {"runtime": 883}}