{"global_steps": 79999, "_timestamp": 1682674904.6225173, "_runtime": 4814.370555400848, "_step": 80799, "episodic_reward": 6809.8, "episodic_length": 100, "connected_users": 6821.0, "_wandb": {"runtime": 4815}}