{"global steps": 35099, "_timestamp": 1681930820.2137322, "_runtime": 1430.8590171337128, "_step": 36503, "episodic_reward": 5422.200000000001, "episodic_length": 100, "connected_users": 5423.0, "episode": 350, "reward: 0": 12.4, "reward: 1": 12.4, "reward: 2": 12.4, "reward: 3": 12.4, "reward: 4": 12.4, "connected_users: 0": 14, "connected_users: 1": 13, "connected_users: 2": 1, "connected_users: 3": 18, "connected_users: 4": 16, "_wandb": {"runtime": 1432}}