{"episodic_reward": 6525.0, "episodic_length": 100, "connected_users": 6569.0, "global_steps": 999, "_timestamp": 1683228967.996511, "_runtime": 8066.810204982758, "_step": 999, "_wandb": {"runtime": 8067}}