{"loss__2": 1.8634194135665894, "_timestamp": 1687394298.6270325, "_runtime": 44.66452360153198, "_step": 359