{"covererd_users_per_timestep": 81, "timestep": 34999, "_timestamp": 1687396631.4624376, "_runtime": 2377.499928712845, "_step": 207789, "episodic_reward": 5076.517404556274, "episodic_length": 100, "connected_users": 6268.0, "global_steps": 349, "loss__0": 1.4124032258987427, "loss__1": 0.982045590877533, "loss__2": 1.6478320360183716, "loss__3": 1.3441405296325684, "loss__4": 3.2447752952575684, "_wandb": {"runtime": 2379}}