{"episodic_reward": 5695.92569899559, "episodic_length": 100, "connected_users": 6516.0, "_timestamp": 1681863817.8877742, "_runtime": 1909.701580286026, "_step": 1052, "reward: 0": 15.0, "reward: 1": 18.0, "reward: 2": 11.213132858276367, "reward: 3": 14.0, "reward: 4": 8.213132858276367, "connected_users: 0": 15, "connected_users: 1": 18, "connected_users: 2": 13, "connected_users: 3": 14, "connected_users: 4": 10, "_wandb": {"runtime": 1912}}