{"episodic_reward": 6503.99681353569, "episodic_length": 100, "connected_users": 6938.0, "global_steps": 1999, "_timestamp": 1682939749.791307, "_runtime": 19533.847465991974, "_step": 1999, "_wandb": {"runtime": 19535}}