{"episodic_reward": -3426.120346367359, "episodic_length": 100, "connected_users": 3143.0, "global_steps": 0, "_timestamp": 1683154158.5409756, "_runtime": 5.274768590927124, "_step": 0, "_wandb": {"runtime": 4}}