{"episodic_reward": 6457.004511713982, "episodic_length": 100, "connected_users": 7642.0, "global_steps": 999, "_timestamp": 1683318532.923704, "_runtime": 8957.619805812836, "_step": 999, "_wandb": {"runtime": 8958}}