{"global steps": 79999, "_timestamp": 1682635862.248662, "_runtime": 5219.787075042725, "_step": 80799, "episodic_reward": 6911.0, "episodic_length": 100, "connected_users": 6915.0, "_wandb": {"runtime": 5220}}