{"episodic_reward": 5676.4200665950775, "episodic_length": 100, "connected_users": 7325.0, "global_steps": 999, "_timestamp": 1683143982.7257931, "_runtime": 8160.748953104019, "_step": 999, "_wandb": {"runtime": 8161}}