{"episodic_reward": 5058.0, "episodic_length": 100, "connected_users": 5068.0, "global_steps": 599, "_timestamp": 1682903885.4605079, "_runtime": 2918.338237762451, "_step": 599, "_wandb": {"runtime": 2919}}