{"episodic_reward": 5632.0, "episodic_length": 100, "connected_users": 5638.0, "global_steps": 599, "_timestamp": 1682883018.743847, "_runtime": 3380.761851787567, "_step": 599, "_wandb": {"runtime": 3381}}