{"episodic_reward": 5896.783333333333, "episodic_length": 100, "connected_users": 5934.0, "global_steps": 1999, "_timestamp": 1682939792.1504822, "_runtime": 19507.209363222122, "_step": 1999, "_wandb": {"runtime": 19508}}