{"episodic_reward": 7464.0, "episodic_length": 100, "connected_users": 7468.0, "global_steps": 999, "_timestamp": 1683318579.1247272, "_runtime": 9029.273950338364, "_step": 999, "_wandb": {"runtime": 9030}}