{"episodic_reward": 1557.4389526247978, "episodic_length": 100, "connected_users": 3706.0, "global_steps": 5, "_timestamp": 1683152703.8528717, "_runtime": 15.121124744415283, "_step": 5, "_wandb": {"runtime": 18}}