{"episodic_reward": 5450.0047862529755, "episodic_length": 100, "connected_users": 8433.0, "global_steps": 999, "_timestamp": 1683194759.773574, "_runtime": 15127.982027053833, "_step": 999, "_wandb": {"runtime": 15129}}