{"episodic_reward": -3426.120346367359, "episodic_length": 100, "connected_users": 3143.0, "global_steps": 0, "_timestamp": 1683153714.598318, "_runtime": 4.890876054763794, "_step": 0, "_wandb": {"runtime": 4}}