{"episodic_reward": 7444.0, "episodic_length": 100, "connected_users": 7456.0, "global_steps": 999, "_timestamp": 1683236948.3486853, "_runtime": 15235.322623252869, "_step": 999, "_wandb": {"runtime": 15236}}