{"episodic_reward": 3691.3500000000017, "episodic_length": 100, "connected_users": 3800.0, "_timestamp": 1681884406.5920594, "_runtime": 5240.329144477844, "_step": 2399, "reward: 0": 7.2, "reward: 1": 6.8, "reward: 2": 7.2, "reward: 3": 7.2, "reward: 4": 6.4, "connected_users: 0": 14, "connected_users: 1": 2, "connected_users: 2": 2, "connected_users: 3": 18, "connected_users: 4": 0, "_wandb": {"runtime": 5241}}