{"episodic_reward": 6283.901793003082, "episodic_length": 100, "connected_users": 6930.0, "global_steps": 999, "_timestamp": 1687123809.733351, "_runtime": 6110.771404981613, "_step": 999, "_wandb": {"runtime": 6112}}