{"episodic_reward": 64221.957025289536, "episodic_length": 1000, "connected_users": 73479.0, "global_steps": 49, "_timestamp": 1686878825.1302226, "_runtime": 2913.1270854473114, "_step": 49, "_wandb": {"runtime": 2924}}