{"episodic_reward": 7333.0, "episodic_length": 100, "connected_users": 7353.0, "global_steps": 999, "_timestamp": 1683143661.8416734, "_runtime": 8882.224403381348, "_step": 999, "_wandb": {"runtime": 8883}}