{"episodic_reward": 3743.2666666666673, "episodic_length": 100, "connected_users": 3821.0, "global_steps": 15, "_timestamp": 1682908742.4121137, "_runtime": 126.35034966468811, "_step": 15}