{"global steps": 79999, "_timestamp": 1682615629.1448936, "_runtime": 4903.930578708649, "_step": 80799, "episodic_reward": 5482.130930304527, "episodic_length": 100, "connected_users": 6221.0, "_wandb": {"runtime": 4904}}