{"global steps": 58528, "_timestamp": 1682619702.2058258, "_runtime": 3621.28643989563, "_step": 59113}