{"episodic_reward": 5084.200000000001, "episodic_length": 100, "connected_users": 4894.0, "global_steps": 999, "_timestamp": 1682901192.8351493, "_runtime": 4815.666847229004, "_step": 3999, "episode": 999, "reward: 0": 9.2, "reward: 1": 11.25, "reward: 2": 9.2, "reward: 3": 11.5, "reward: 4": 9.2, "connected_users: 0": 18, "connected_users: 1": 0, "connected_users: 2": 14, "connected_users: 3": 1, "connected_users: 4": 13, "_wandb": {"runtime": 4816}}