{"episodic_reward": 6065.6, "episodic_length": 100, "connected_users": 6063.0, "global_steps": 3499, "_timestamp": 1683088453.0434546, "_runtime": 21419.875906705856, "_step": 3499, "_wandb": {"runtime": 21421}}