{"global steps": 79999, "_timestamp": 1682590770.8398774, "_runtime": 5062.004061460495, "_step": 80799, "episodic_reward": 5482.130930304527, "episodic_length": 100, "connected_users": 6221.0, "_wandb": {"runtime": 5062}}