{"episodic_reward": -3426.120346367359, "episodic_length": 100, "connected_users": 3143.0, "global_steps": 0, "_timestamp": 1683154085.5648386, "_runtime": 5.407493591308594, "_step": 0, "_wandb": {"runtime": 5}}