{"episodic_reward": 2094.642462015152, "episodic_length": 100, "connected_users": 5258.0, "global_steps": 30, "_timestamp": 1687393726.622814, "_runtime": 172.7773199081421, "_step": 30, "_wandb": {"runtime": 177}}