{"episodic_reward": 4682.0, "episodic_length": 100, "connected_users": 5048.0, "global_steps": 9, "_timestamp": 1683155636.9188032, "_runtime": 55.80548119544983, "_step": 9}