{"episodic_reward": 7825.0, "episodic_length": 100, "connected_users": 7853.0, "global_steps": 999, "_timestamp": 1683167064.1108546, "_runtime": 11482.997532606125, "_step": 999, "_wandb": {"runtime": 11484}}