{"global steps": 37046, "_timestamp": 1681927737.473952, "_runtime": 1920.9777801036835, "_step": 38526}