{"connected_users: 0": 17, "connected_users: 1": 16, "connected_users: 2": 17, "connected_users: 3": 15, "connected_users: 4": 18, "_timestamp": 1681925224.181569, "_runtime": 638.9792342185974, "_step": 395}