{"episodic_reward": 7369.0, "episodic_length": 100, "connected_users": 7373.0, "global_steps": 999, "_timestamp": 1683144151.498342, "_runtime": 8206.494064092636, "_step": 999, "_wandb": {"runtime": 8207}}