{"episodic_reward": 4443.0, "episodic_length": 100, "connected_users": 4775.0, "global_steps": 999, "_timestamp": 1683229061.752014, "_runtime": 8013.051108837128, "_step": 999, "_wandb": {"runtime": 8014}}