{"episodic_reward": 4239.339313983917, "episodic_length": 100, "connected_users": 6630.0, "global_steps": 84, "_timestamp": 1686859458.5284426, "_runtime": 448.1183307170868, "_step": 84}