{"episodic_reward": 3439.5287022590637, "episodic_length": 100, "connected_users": 6492.0, "global_steps": 69, "_timestamp": 1686859361.917473, "_runtime": 351.50736117362976, "_step": 69}