{"episodic_reward": 5591.81551027298, "episodic_length": 100, "connected_users": 6916.0, "global_steps": 999, "_timestamp": 1686865120.529648, "_runtime": 6110.119536161423, "_step": 999, "_wandb": {"runtime": 6106}}