{"episodic_reward": -3426.120346367359, "episodic_length": 100, "connected_users": 3143.0, "global_steps": 0, "_timestamp": 1683154750.9975932, "_runtime": 5.689356088638306, "_step": 0, "_wandb": {"runtime": 4}}