{"episodic_reward": 5337.0, "episodic_length": 100, "connected_users": 5567.0, "global_steps": 999, "_timestamp": 1683228995.610556, "_runtime": 8013.472059965134, "_step": 999, "_wandb": {"runtime": 8014}}