{"episodic_reward": 5891.870244383812, "episodic_length": 100, "connected_users": 7148.0, "global_steps": 999, "_timestamp": 1687133731.87101, "_runtime": 8948.941962957382, "_step": 999, "_wandb": {"runtime": 8950}}