{"episodic_reward": 6688.0, "episodic_length": 100, "connected_users": 6844.0, "global_steps": 999, "_timestamp": 1683137020.8568652, "_runtime": 9280.484917163849, "_step": 999, "_wandb": {"runtime": 9281}}