{"global steps": 35099, "_timestamp": 1681932272.6358283, "_runtime": 1432.219425201416, "_step": 36503, "episodic_reward": 4523.505816221237, "episodic_length": 100, "connected_users": 5399.0, "episode": 350, "reward: 0": 17.12984275817871, "reward: 1": 13.98974323272705, "reward: 2": 16.12984275817871, "reward: 3": 1.9897432327270508, "reward: 4": 1.0, "connected_users: 0": 18, "connected_users: 1": 17, "connected_users: 2": 17, "connected_users: 3": 5, "connected_users: 4": 1, "_wandb": {"runtime": 1433}}