{"episodic_reward": 6566.265149116516, "episodic_length": 100, "connected_users": 6940.0, "global_steps": 999, "_timestamp": 1687123757.694833, "_runtime": 6095.084026098251, "_step": 999, "_wandb": {"runtime": 6096}}