{"episodic_reward": 7314.0, "episodic_length": 100, "connected_users": 7316.0, "global_steps": 999, "_timestamp": 1683229595.2872446, "_runtime": 8256.823343515396, "_step": 999, "_wandb": {"runtime": 8257}}