{"episodic_reward": 5153.0, "episodic_length": 100, "connected_users": 5327.0, "global_steps": 1999, "_timestamp": 1682939795.0855453, "_runtime": 19529.458354234695, "_step": 1999, "_wandb": {"runtime": 19530}}