{"episodic_reward": 3883.9373794794083, "episodic_length": 100, "connected_users": 5593.0, "global_steps": 35, "_timestamp": 1683155640.8027298, "_runtime": 313.82795691490173, "_step": 35}