{"episodic_reward": 2356.0, "episodic_length": 100, "connected_users": 2366.0, "global_steps": 8, "_timestamp": 1682907524.7472003, "_runtime": 23.50189733505249, "_step": 8}