{"global steps": 511, "_timestamp": 1681934600.9698882, "_runtime": 5.211988210678101, "_step": 531, "episodic_reward": 1354.2666666666676, "episodic_length": 100, "connected_users": 1395.0, "episode": 4, "reward: 0": 1.75, "reward: 1": 1.8, "reward: 2": 1.6666666666666667, "reward: 3": 1.8, "reward: 4": 1.25, "connected_users: 0": 2, "connected_users: 1": 1, "connected_users: 2": 0, "connected_users: 3": 6, "connected_users: 4": 0, "_wandb": {"runtime": 4}}