{"episodic_reward": 885.0, "episodic_length": 100, "connected_users": 3946.0, "global_steps": 0, "_timestamp": 1687393484.535517, "_runtime": 6.9995880126953125, "_step": 0, "_wandb": {"runtime": 8}}