{"episodic_reward": 6763.0, "episodic_length": 100, "connected_users": 6767.0, "global_steps": 449, "_timestamp": 1682845232.1523101, "_runtime": 2395.591054201126, "_step": 449, "_wandb": {"runtime": 2396}}