{"episodic_reward": 862.0, "episodic_length": 100, "connected_users": 3776.0, "global_steps": 30, "_timestamp": 1687393730.7613251, "_runtime": 171.32183003425598, "_step": 30, "_wandb": {"runtime": 177}}