{"episodic_reward": -3426.120346367359, "episodic_length": 100, "connected_users": 3143.0, "global_steps": 0, "_timestamp": 1683154313.6885953, "_runtime": 5.439243316650391, "_step": 0, "_wandb": {"runtime": 4}}