{"episodic_reward": 4438.266666666666, "episodic_length": 100, "connected_users": 4456.0, "global_steps": 1999, "_timestamp": 1682939810.4252641, "_runtime": 19495.048587083817, "_step": 1999, "_wandb": {"runtime": 19496}}