{"episodic_reward": 4894.509486436844, "episodic_length": 100, "connected_users": 7089.0, "global_steps": 270, "_timestamp": 1687124755.0368364, "_runtime": 2303.350793361664, "_step": 270, "_wandb": {"runtime": 2314}}