{"episodic_reward": 4436.4, "episodic_length": 100, "connected_users": 4442.0, "global_steps": 449, "_timestamp": 1682806235.2639546, "_runtime": 2654.3009366989136, "_step": 449, "_wandb": {"runtime": 2654}}