{"episodic_reward": 4528.166666666666, "episodic_length": 100, "connected_users": 4670.0, "global_steps": 1999, "_timestamp": 1682939737.2551396, "_runtime": 19556.105843544006, "_step": 1999, "_wandb": {"runtime": 19557}}