{"episodic_reward": -1036.5860977768898, "episodic_length": 100, "connected_users": 2409.0, "global_steps": 4, "_timestamp": 1683155257.6007621, "_runtime": 10.172166109085083, "_step": 4, "_wandb": {"runtime": 13}}