{"episodic_reward": 2832.0, "episodic_length": 100, "connected_users": 3880.0, "global_steps": 5, "_timestamp": 1683152828.0740175, "_runtime": 18.14015555381775, "_step": 5, "_wandb": {"runtime": 19}}