{"episodic_reward": 7480.0, "episodic_length": 100, "connected_users": 7484.0, "global_steps": 3499, "_timestamp": 1683268172.8472083, "_runtime": 34022.68521428108, "_step": 3499, "_wandb": {"runtime": 34024}}